workflow_id	task_name	cpus	memory	disk	duration	cost
73af3ef3-7829-4725-8077-a95975602847	bamToFastq	2	10GB	40GB	6.14h	$0.16
73af3ef3-7829-4725-8077-a95975602847	salmon_paired_reads	10	64GB	80GB	1.42h	$0.19
2ae184b7-5101-4f4d-9155-d315ae5d485e	bamToFastq	0	0GB	0GB	0.00h	$0.00
2ae184b7-5101-4f4d-9155-d315ae5d485e	salmon_paired_reads	10	64GB	80GB	25.76h	$3.46
f1ecad24-7f3b-4f47-8c87-51f466f77e3d	bamToFastq	2	10GB	40GB	35.91h	$0.92
f1ecad24-7f3b-4f47-8c87-51f466f77e3d	salmon_paired_reads	10	64GB	80GB	3.16h	$0.42
a79255e1-5de6-4b37-b77d-5d9df89a12ee	bamToFastq	2	10GB	40GB	33.41h	$0.85
a79255e1-5de6-4b37-b77d-5d9df89a12ee	salmon_paired_reads	10	64GB	80GB	11.91h	$1.60
4cd9de90-3b18-446c-8f2a-594abb532835	bamToFastq	0	0GB	0GB	0.00h	$0.00
4cd9de90-3b18-446c-8f2a-594abb532835	salmon_paired_reads	0	0GB	0GB	0.00h	$0.00
0f779143-46cb-471d-9422-38309a723a74	bamToFastq	2	10GB	40GB	28.56h	$0.73
78af70c5-c64f-4cc1-ba8b-c623cdc43435	bamToFastq	2	10GB	40GB	33.61h	$0.86
78af70c5-c64f-4cc1-ba8b-c623cdc43435	salmon_paired_reads	10	64GB	80GB	8.52h	$1.14
113fac59-afb0-4639-8a93-79dff6fdaad7	bamToFastq	2	10GB	40GB	10.36h	$0.26
113fac59-afb0-4639-8a93-79dff6fdaad7	salmon_paired_reads	10	64GB	80GB	2.99h	$0.40
9bfea65d-2f87-4ba5-a21d-be25aa3f43f9	bamToFastq	2	10GB	40GB	16.67h	$0.43
9bfea65d-2f87-4ba5-a21d-be25aa3f43f9	salmon_paired_reads	10	64GB	80GB	0.95h	$0.13
8482e873-644e-4121-acdb-e5634c305306	bamToFastq	2	10GB	40GB	28.19h	$0.72
ba661ed5-9281-4f73-afcb-00c1137138c0	bamToFastq	2	10GB	40GB	25.67h	$0.66
ba661ed5-9281-4f73-afcb-00c1137138c0	salmon_paired_reads	10	64GB	80GB	0.91h	$0.12
a3807040-03e6-4c0b-ad6c-39b858a3bb88	bamToFastq	2	10GB	40GB	14.50h	$0.37
a3807040-03e6-4c0b-ad6c-39b858a3bb88	bamToFastq	2	10GB	40GB	0.44h	$0.01
a3807040-03e6-4c0b-ad6c-39b858a3bb88	salmon_paired_reads	10	64GB	80GB	1.64h	$0.22
a3807040-03e6-4c0b-ad6c-39b858a3bb88	salmon_paired_reads	10	64GB	80GB	1.32h	$0.18
f9b983fa-d2d6-41d4-b10f-22cef81a911d	bamToFastq	2	10GB	40GB	0.54h	$0.01
f9b983fa-d2d6-41d4-b10f-22cef81a911d	salmon_paired_reads	10	64GB	80GB	3.33h	$0.45
ba60aa61-d046-436c-825d-4569c074901b	bamToFastq	2	10GB	40GB	26.45h	$0.68
ba60aa61-d046-436c-825d-4569c074901b	salmon_paired_reads	10	64GB	80GB	0.86h	$0.12
a9bedbb1-1ee2-4ef7-b07e-2592ffe3fe61	bamToFastq	2	10GB	40GB	26.31h	$0.67
a9bedbb1-1ee2-4ef7-b07e-2592ffe3fe61	salmon_paired_reads	10	64GB	80GB	5.74h	$0.77
92afd912-c498-4061-93c6-540f4cc67993	bamToFastq	2	10GB	40GB	10.78h	$0.28
92afd912-c498-4061-93c6-540f4cc67993	salmon_paired_reads	10	64GB	80GB	1.36h	$0.18
40ee0748-4e48-415c-a17f-56d3bff4a603	bamToFastq	2	10GB	40GB	30.83h	$0.79
40ee0748-4e48-415c-a17f-56d3bff4a603	salmon_paired_reads	10	64GB	80GB	0.85h	$0.11
b5116112-5d05-4902-8fb5-5f9cf3525d5d	bamToFastq	2	10GB	40GB	39.19h	$1.00
b5116112-5d05-4902-8fb5-5f9cf3525d5d	salmon_paired_reads	10	64GB	80GB	5.52h	$0.74
32e3b703-13ed-48cd-8fc4-dd1f58bb2dfc	bamToFastq	2	10GB	40GB	10.18h	$0.26
32e3b703-13ed-48cd-8fc4-dd1f58bb2dfc	salmon_paired_reads	10	64GB	80GB	1.12h	$0.15
33266d09-8833-4648-9473-c1164c535028	bamToFastq	2	10GB	40GB	37.54h	$0.96
33266d09-8833-4648-9473-c1164c535028	bamToFastq	2	10GB	40GB	0.59h	$0.02
33266d09-8833-4648-9473-c1164c535028	salmon_paired_reads	10	64GB	80GB	2.15h	$0.29
c4f310b0-38b5-44f7-8d98-99bdccaeeabb	bamToFastq	2	10GB	40GB	12.94h	$0.33
c4f310b0-38b5-44f7-8d98-99bdccaeeabb	salmon_paired_reads	10	64GB	80GB	6.49h	$0.87
96fef005-3383-4d5b-b49d-dcba7aec121b	bamToFastq	2	10GB	40GB	0.51h	$0.01
96fef005-3383-4d5b-b49d-dcba7aec121b	salmon_paired_reads	10	64GB	80GB	26.98h	$3.62
12b66b35-3859-4503-8b3d-01b3e88e9b62	bamToFastq	2	10GB	40GB	29.72h	$0.76
12b66b35-3859-4503-8b3d-01b3e88e9b62	salmon_paired_reads	10	64GB	80GB	0.84h	$0.11
cf72c352-07c4-4ce8-bf99-62c1e08c6536	bamToFastq	2	10GB	40GB	28.93h	$0.74
10ac359f-adda-41bb-97c3-6da6149f2c1b	bamToFastq	2	10GB	40GB	2.02h	$0.05
10ac359f-adda-41bb-97c3-6da6149f2c1b	salmon_paired_reads	10	64GB	80GB	3.16h	$0.42
5ec61292-1124-4be2-a6e8-6df15919b114	bamToFastq	2	10GB	40GB	27.86h	$0.71
5ec61292-1124-4be2-a6e8-6df15919b114	salmon_paired_reads	10	64GB	80GB	0.97h	$0.13
ea538f0e-29e3-472f-bae2-16bff58c807f	bamToFastq	2	10GB	40GB	40.49h	$1.03
ea538f0e-29e3-472f-bae2-16bff58c807f	salmon_paired_reads	10	64GB	80GB	4.01h	$0.54
ea538f0e-29e3-472f-bae2-16bff58c807f	salmon_paired_reads	10	64GB	80GB	1.53h	$0.21
beafa72a-f1ff-47e0-a129-279fd6b4bca6	bamToFastq	0	0GB	0GB	0.00h	$0.00
beafa72a-f1ff-47e0-a129-279fd6b4bca6	salmon_paired_reads	10	64GB	80GB	3.05h	$0.41
b9c62b1d-9d89-494a-9d32-1f95c62be158	bamToFastq	2	10GB	40GB	5.99h	$0.15
b9c62b1d-9d89-494a-9d32-1f95c62be158	salmon_paired_reads	10	64GB	80GB	2.22h	$0.30
bb06f4f2-37c9-4a27-9238-34bc101ceec7	bamToFastq	2	10GB	40GB	10.30h	$0.26
bb06f4f2-37c9-4a27-9238-34bc101ceec7	salmon_paired_reads	10	64GB	80GB	2.13h	$0.29
d07881ec-d4e4-4eb4-9d0e-f1d9faeeca1d	bamToFastq	2	10GB	40GB	34.66h	$0.89
d07881ec-d4e4-4eb4-9d0e-f1d9faeeca1d	salmon_paired_reads	10	64GB	80GB	8.81h	$1.18
3dc97edb-f273-403b-a957-d21ac3dbae8b	bamToFastq	2	10GB	40GB	3.84h	$0.10
3dc97edb-f273-403b-a957-d21ac3dbae8b	salmon_paired_reads	10	64GB	80GB	0.72h	$0.10
f0646e27-b425-445a-8857-da55b213baa7	bamToFastq	2	10GB	40GB	3.38h	$0.09
f0646e27-b425-445a-8857-da55b213baa7	salmon_paired_reads	10	64GB	80GB	0.69h	$0.09
6635b34f-3b37-4d66-982e-437f610dd2c7	bamToFastq	2	10GB	40GB	21.27h	$0.54
6635b34f-3b37-4d66-982e-437f610dd2c7	salmon_paired_reads	10	64GB	80GB	13.92h	$1.87
2025aea6-5f08-43a3-b1e0-79e114e3bca7	bamToFastq	2	10GB	40GB	7.94h	$0.20
2025aea6-5f08-43a3-b1e0-79e114e3bca7	salmon_paired_reads	10	64GB	80GB	1.45h	$0.19
906b3d38-09d4-44dc-b903-2f091827dbd4	bamToFastq	2	10GB	40GB	5.48h	$0.14
906b3d38-09d4-44dc-b903-2f091827dbd4	salmon_paired_reads	10	64GB	80GB	2.19h	$0.29
e5dc8f17-2018-4333-803b-518d2f0ef340	bamToFastq	2	10GB	40GB	25.84h	$0.66
e5dc8f17-2018-4333-803b-518d2f0ef340	salmon_paired_reads	10	64GB	80GB	1.75h	$0.23
ad7bc1c1-30a9-4c99-9bfa-594fe051888f	bamToFastq	2	10GB	40GB	7.45h	$0.19
ad7bc1c1-30a9-4c99-9bfa-594fe051888f	salmon_paired_reads	10	64GB	80GB	1.24h	$0.17
a03e1982-8721-47e2-9f93-37f99377355d	bamToFastq	2	10GB	40GB	39.94h	$1.02
a03e1982-8721-47e2-9f93-37f99377355d	salmon_paired_reads	10	64GB	80GB	3.59h	$0.48
482d451c-c702-45b2-8240-c023229af557	bamToFastq	2	10GB	40GB	14.36h	$0.37
482d451c-c702-45b2-8240-c023229af557	salmon_paired_reads	10	64GB	80GB	4.00h	$0.54
7d589caf-9568-4eb8-b2f0-35e059f9d226	bamToFastq	2	10GB	40GB	39.08h	$1.00
7d589caf-9568-4eb8-b2f0-35e059f9d226	salmon_paired_reads	10	64GB	80GB	1.17h	$0.16
7990f112-f94f-4935-ade4-a85a82a38309	bamToFastq	2	10GB	40GB	28.71h	$0.73
3c747ed2-3178-4188-bd96-ae9f5309b285	bamToFastq	2	10GB	40GB	36.10h	$0.92
3c747ed2-3178-4188-bd96-ae9f5309b285	salmon_paired_reads	10	64GB	80GB	1.04h	$0.14
9be72c77-2c9d-4d1a-aeeb-310781d66d1d	bamToFastq	2	10GB	40GB	17.93h	$0.46
a7f9ef43-188d-4412-87f2-41879ae87e6f	bamToFastq	2	10GB	40GB	25.36h	$0.65
1a0f4c5c-c0b4-4375-bcf0-b08d8d564925	bamToFastq	2	10GB	40GB	35.67h	$0.91
1a0f4c5c-c0b4-4375-bcf0-b08d8d564925	salmon_paired_reads	10	64GB	80GB	8.35h	$1.12
9603e6c3-3560-4711-acfa-adf63fb73920	bamToFastq	2	10GB	40GB	30.46h	$0.78
9603e6c3-3560-4711-acfa-adf63fb73920	salmon_paired_reads	10	64GB	80GB	1.33h	$0.18
aa2d1deb-e7d1-4f9d-a8b8-f917a1f674d5	bamToFastq	2	10GB	40GB	36.44h	$0.93
aa2d1deb-e7d1-4f9d-a8b8-f917a1f674d5	salmon_paired_reads	10	64GB	80GB	8.59h	$1.15
9f5be53f-048f-4f4f-b160-cc861548079c	bamToFastq	2	10GB	40GB	33.06h	$0.84
9f5be53f-048f-4f4f-b160-cc861548079c	salmon_paired_reads	10	64GB	80GB	0.63h	$0.09
971332ea-0ce9-4760-a1be-97a0d9b1ab7a	bamToFastq	2	10GB	40GB	14.82h	$0.38
971332ea-0ce9-4760-a1be-97a0d9b1ab7a	salmon_paired_reads	10	64GB	80GB	0.78h	$0.10
40a09291-de4e-4b59-af9d-a140581d7f74	bamToFastq	2	10GB	40GB	12.56h	$0.32
40a09291-de4e-4b59-af9d-a140581d7f74	salmon_paired_reads	10	64GB	80GB	1.82h	$0.24
40a09291-de4e-4b59-af9d-a140581d7f74	salmon_paired_reads	10	64GB	80GB	2.74h	$0.37
1cfbd6d7-b674-4450-b48f-b7f92adee9b7	bamToFastq	2	10GB	40GB	18.58h	$0.47
1cfbd6d7-b674-4450-b48f-b7f92adee9b7	salmon_paired_reads	10	64GB	80GB	0.84h	$0.11
5168b3c3-5f0b-4f03-8a39-3088f5122b69	bamToFastq	2	10GB	40GB	36.71h	$0.94
5168b3c3-5f0b-4f03-8a39-3088f5122b69	salmon_paired_reads	10	64GB	80GB	0.50h	$0.07
5168b3c3-5f0b-4f03-8a39-3088f5122b69	salmon_paired_reads	10	64GB	80GB	1.22h	$0.16
21604d31-9dc1-4f91-874f-22b07d85c8c6	bamToFastq	2	10GB	40GB	9.31h	$0.24
21604d31-9dc1-4f91-874f-22b07d85c8c6	salmon_paired_reads	10	64GB	80GB	0.79h	$0.11
a12b4ee9-e688-426e-8ff4-609432e7fe87	bamToFastq	2	10GB	40GB	0.29h	$0.01
a12b4ee9-e688-426e-8ff4-609432e7fe87	salmon_paired_reads	10	64GB	80GB	1.59h	$0.21
ceff9601-2d5f-4b4d-9847-cd057181084c	bamToFastq	0	0GB	0GB	0.00h	$0.00
ceff9601-2d5f-4b4d-9847-cd057181084c	salmon_paired_reads	0	0GB	0GB	0.00h	$0.00
30b43d14-9049-425b-b93b-e33cac87bc32	bamToFastq	0	0GB	0GB	0.00h	$0.00
30b43d14-9049-425b-b93b-e33cac87bc32	salmon_paired_reads	0	0GB	0GB	0.00h	$0.00
6402e601-6f9c-441c-bcfd-bafdca9c6788	bamToFastq	2	10GB	40GB	18.90h	$0.48
6402e601-6f9c-441c-bcfd-bafdca9c6788	salmon_paired_reads	10	64GB	80GB	0.61h	$0.08
88f79a34-38ab-4dbb-aa19-5d9116cabed5	bamToFastq	2	10GB	40GB	39.53h	$1.01
88f79a34-38ab-4dbb-aa19-5d9116cabed5	salmon_paired_reads	10	64GB	80GB	1.25h	$0.17
88f79a34-38ab-4dbb-aa19-5d9116cabed5	salmon_paired_reads	10	64GB	80GB	1.33h	$0.18
a5422701-b9e7-4c29-8c7e-66be0eca24bb	bamToFastq	2	10GB	40GB	16.37h	$0.42
a5422701-b9e7-4c29-8c7e-66be0eca24bb	bamToFastq	2	10GB	40GB	0.57h	$0.01
0332225b-5dc4-4f61-a4d4-3969a42e52d9	bamToFastq	2	10GB	40GB	31.39h	$0.80
0332225b-5dc4-4f61-a4d4-3969a42e52d9	salmon_paired_reads	10	64GB	80GB	0.92h	$0.12
1e11d89d-59bc-4066-a2c4-28895acf9727	bamToFastq	2	10GB	40GB	15.96h	$0.41
1e11d89d-59bc-4066-a2c4-28895acf9727	bamToFastq	2	10GB	40GB	0.92h	$0.02
d2cf6913-1f94-469d-ac36-5930ba40d226	bamToFastq	2	10GB	40GB	0.33h	$0.01
d2cf6913-1f94-469d-ac36-5930ba40d226	salmon_paired_reads	10	64GB	80GB	2.09h	$0.28
db9e7d93-f6ff-45a0-a84f-41ff5c85f8d3	bamToFastq	2	10GB	40GB	14.44h	$0.37
db9e7d93-f6ff-45a0-a84f-41ff5c85f8d3	salmon_paired_reads	10	64GB	80GB	4.37h	$0.59
7c5de501-e6b9-41a5-af36-0c27881d7e9f	bamToFastq	2	10GB	40GB	23.96h	$0.61
7c5de501-e6b9-41a5-af36-0c27881d7e9f	salmon_paired_reads	10	64GB	80GB	0.97h	$0.13
a8ea2fe5-4c89-4070-b6d6-99e4d48500ca	bamToFastq	2	10GB	40GB	4.34h	$0.11
a8ea2fe5-4c89-4070-b6d6-99e4d48500ca	salmon_paired_reads	10	64GB	80GB	0.72h	$0.10
a8ec7c9c-376f-4969-9b31-ce74a266d419	bamToFastq	2	10GB	40GB	29.42h	$0.75
a8ec7c9c-376f-4969-9b31-ce74a266d419	salmon_paired_reads	10	64GB	80GB	13.38h	$1.80
876a95e1-b58c-4c3e-8d1a-cc01ac731152	bamToFastq	0	0GB	0GB	0.00h	$0.00
876a95e1-b58c-4c3e-8d1a-cc01ac731152	salmon_paired_reads	0	0GB	0GB	0.00h	$0.00
a409d3c4-ac96-4bf9-b0bd-2c59e7327aee	bamToFastq	2	10GB	40GB	29.00h	$0.74
a409d3c4-ac96-4bf9-b0bd-2c59e7327aee	salmon_paired_reads	10	64GB	80GB	1.04h	$0.14
5db37444-b1b7-4f62-8324-f789d39e39bd	bamToFastq	2	10GB	40GB	23.14h	$0.59
5db37444-b1b7-4f62-8324-f789d39e39bd	salmon_paired_reads	10	64GB	80GB	3.59h	$0.48
b486b5c9-5595-4285-a234-5df0b8de866a	bamToFastq	0	0GB	0GB	0.00h	$0.00
b486b5c9-5595-4285-a234-5df0b8de866a	salmon_paired_reads	10	64GB	80GB	10.39h	$1.40
040b8b0d-bf79-4971-95a8-d31df9795527	bamToFastq	2	10GB	40GB	0.38h	$0.01
040b8b0d-bf79-4971-95a8-d31df9795527	salmon_paired_reads	10	64GB	80GB	0.67h	$0.09
0d3048c0-aae1-4e0f-a0d8-2913f0d1a25c	bamToFastq	2	10GB	40GB	38.56h	$0.99
0d3048c0-aae1-4e0f-a0d8-2913f0d1a25c	salmon_paired_reads	10	64GB	80GB	7.63h	$1.03
91dffc9c-f868-493a-a3c0-61ccdf57f0a3	bamToFastq	2	10GB	40GB	5.94h	$0.15
91dffc9c-f868-493a-a3c0-61ccdf57f0a3	salmon_paired_reads	10	64GB	80GB	1.42h	$0.19
7145bbe6-dd1b-416e-8530-f8a6f0f5be3a	bamToFastq	2	10GB	40GB	26.12h	$0.67
7145bbe6-dd1b-416e-8530-f8a6f0f5be3a	salmon_paired_reads	10	64GB	80GB	7.57h	$1.02
035ee3ca-2746-42d6-ba3b-801559039da1	bamToFastq	0	0GB	0GB	0.00h	$0.00
035ee3ca-2746-42d6-ba3b-801559039da1	salmon_paired_reads	0	0GB	0GB	0.00h	$0.00
c853e19f-1171-491b-baa4-aff5786ca9c5	bamToFastq	2	10GB	40GB	21.83h	$0.56
c853e19f-1171-491b-baa4-aff5786ca9c5	salmon_paired_reads	10	64GB	80GB	1.68h	$0.23
60cee6ee-e8a0-4d3b-a9d2-d258eb3e86c5	bamToFastq	2	10GB	40GB	40.04h	$1.02
60cee6ee-e8a0-4d3b-a9d2-d258eb3e86c5	bamToFastq	2	10GB	40GB	0.54h	$0.01
60cee6ee-e8a0-4d3b-a9d2-d258eb3e86c5	salmon_paired_reads	10	64GB	80GB	4.83h	$0.65
e574a673-ed54-4a21-a968-c2955875f18b	bamToFastq	2	10GB	40GB	32.65h	$0.83
ad6a0b9b-9caf-4f52-bb96-ae8fc8b4f8c0	bamToFastq	2	10GB	40GB	7.41h	$0.19
ad6a0b9b-9caf-4f52-bb96-ae8fc8b4f8c0	salmon_paired_reads	10	64GB	80GB	0.59h	$0.08
be4cbe7b-1c6e-419f-82b8-2ccc556deae6	bamToFastq	2	10GB	40GB	28.08h	$0.72
be4cbe7b-1c6e-419f-82b8-2ccc556deae6	salmon_paired_reads	10	64GB	80GB	0.54h	$0.07
bc9d5e48-9e66-4b3b-a9b9-7a5f4e12a890	bamToFastq	2	10GB	40GB	10.72h	$0.27
bc9d5e48-9e66-4b3b-a9b9-7a5f4e12a890	salmon_paired_reads	10	64GB	80GB	0.79h	$0.11
f6dc77c5-91e8-4729-be61-1fa723c2bef4	bamToFastq	2	10GB	40GB	8.82h	$0.23
f6dc77c5-91e8-4729-be61-1fa723c2bef4	salmon_paired_reads	10	64GB	80GB	4.99h	$0.67
288fdc48-9c3f-4f7f-af94-b6fd992ba4f3	bamToFastq	2	10GB	40GB	9.83h	$0.25
288fdc48-9c3f-4f7f-af94-b6fd992ba4f3	salmon_paired_reads	10	64GB	80GB	6.48h	$0.87
288fdc48-9c3f-4f7f-af94-b6fd992ba4f3	salmon_paired_reads	10	64GB	80GB	1.08h	$0.14
606c22b3-a661-485d-be31-e1adc207a4f4	bamToFastq	2	10GB	40GB	20.44h	$0.52
606c22b3-a661-485d-be31-e1adc207a4f4	salmon_paired_reads	10	64GB	80GB	2.46h	$0.33
8e75d505-ef65-4661-8a0a-2cd344398c51	bamToFastq	2	10GB	40GB	0.90h	$0.02
8e75d505-ef65-4661-8a0a-2cd344398c51	salmon_paired_reads	10	64GB	80GB	1.70h	$0.23
bcb72208-6a16-4ee3-84e0-0002f14deb22	bamToFastq	2	10GB	40GB	26.58h	$0.68
bcb72208-6a16-4ee3-84e0-0002f14deb22	salmon_paired_reads	10	64GB	80GB	9.15h	$1.23
ee0edbf5-9a87-4e34-b40e-6a61b06f4f2d	bamToFastq	2	10GB	40GB	2.99h	$0.08
ee0edbf5-9a87-4e34-b40e-6a61b06f4f2d	salmon_paired_reads	10	64GB	80GB	2.20h	$0.30
25bc68b0-9bb8-4b1c-948d-1eb6d68e17d3	bamToFastq	2	10GB	40GB	18.48h	$0.47
c1405803-1bc1-438e-95c7-c03fcae8cabc	bamToFastq	2	10GB	40GB	23.05h	$0.59
c1405803-1bc1-438e-95c7-c03fcae8cabc	salmon_paired_reads	10	64GB	80GB	3.14h	$0.42
3fad3c1f-5942-4663-b52c-dfc0bcf79d43	bamToFastq	0	0GB	0GB	0.00h	$0.00
3fad3c1f-5942-4663-b52c-dfc0bcf79d43	salmon_paired_reads	0	0GB	0GB	0.00h	$0.00
3d045f5d-a25c-43de-a6b5-d5ee74964b2d	bamToFastq	2	10GB	40GB	21.61h	$0.55
3d045f5d-a25c-43de-a6b5-d5ee74964b2d	bamToFastq	2	10GB	40GB	0.42h	$0.01
3d045f5d-a25c-43de-a6b5-d5ee74964b2d	salmon_paired_reads	10	64GB	80GB	0.99h	$0.13
8c769330-3b60-4eb9-8075-f39deee2961b	bamToFastq	2	10GB	40GB	20.37h	$0.52
8c769330-3b60-4eb9-8075-f39deee2961b	salmon_paired_reads	10	64GB	80GB	1.23h	$0.17
9c1b8d69-68a0-4610-af43-0d0040cd6ed4	bamToFastq	2	10GB	40GB	14.37h	$0.37
9c1b8d69-68a0-4610-af43-0d0040cd6ed4	salmon_paired_reads	10	64GB	80GB	4.51h	$0.61
7952368e-920c-4d18-b3e7-18ba212c2814	bamToFastq	2	10GB	40GB	12.45h	$0.32
7952368e-920c-4d18-b3e7-18ba212c2814	salmon_paired_reads	10	64GB	80GB	1.91h	$0.26
4040709d-ab2a-4c51-91b8-7a3e2bf04c3b	bamToFastq	2	10GB	40GB	19.17h	$0.49
4040709d-ab2a-4c51-91b8-7a3e2bf04c3b	salmon_paired_reads	10	64GB	80GB	1.05h	$0.14
50f2b85b-1f74-4f10-b8d9-dba179ca173f	bamToFastq	2	10GB	40GB	9.30h	$0.24
8a2ce520-a562-4038-843d-86d5f1a09e1a	bamToFastq	2	10GB	40GB	0.94h	$0.02
8a2ce520-a562-4038-843d-86d5f1a09e1a	salmon_paired_reads	10	64GB	80GB	0.71h	$0.10
f9decfc7-fefe-412e-81b9-f6f1b580fc18	bamToFastq	2	10GB	40GB	11.47h	$0.29
f9decfc7-fefe-412e-81b9-f6f1b580fc18	salmon_paired_reads	10	64GB	80GB	1.20h	$0.16
59028caa-6a65-48b8-a437-cb19e7149f74	bamToFastq	2	10GB	40GB	29.77h	$0.76
59028caa-6a65-48b8-a437-cb19e7149f74	salmon_paired_reads	10	64GB	80GB	0.83h	$0.11
e3662a16-f92f-48cc-bdd5-948be77763c1	bamToFastq	2	10GB	40GB	27.20h	$0.69
e3662a16-f92f-48cc-bdd5-948be77763c1	salmon_paired_reads	10	64GB	80GB	0.94h	$0.13
94f995db-672b-493e-9e19-57096e09f946	bamToFastq	2	10GB	40GB	26.38h	$0.67
94f995db-672b-493e-9e19-57096e09f946	salmon_paired_reads	10	64GB	80GB	1.96h	$0.26
ce903960-7c7a-45d3-8d56-5dcbbc46b6e1	bamToFastq	2	10GB	40GB	37.63h	$0.96
ce903960-7c7a-45d3-8d56-5dcbbc46b6e1	salmon_paired_reads	10	64GB	80GB	2.12h	$0.28
042147e6-0890-447e-818d-23433bd61880	bamToFastq	2	10GB	40GB	1.15h	$0.03
042147e6-0890-447e-818d-23433bd61880	salmon_paired_reads	10	64GB	80GB	1.73h	$0.23
40955497-bf6b-4222-873c-068f9f069cad	bamToFastq	2	10GB	40GB	21.33h	$0.55
fae10b4f-04fc-42d3-a42b-9507fd0b44d8	bamToFastq	2	10GB	40GB	13.16h	$0.34
fae10b4f-04fc-42d3-a42b-9507fd0b44d8	salmon_paired_reads	10	64GB	80GB	8.96h	$1.20
fd28184c-7b5f-4f87-a689-9d96f4666ec3	bamToFastq	2	10GB	40GB	1.70h	$0.04
fd28184c-7b5f-4f87-a689-9d96f4666ec3	salmon_paired_reads	10	64GB	80GB	2.63h	$0.35
9ea126c1-b853-49e7-a664-8ef1ba3ae3a3	bamToFastq	2	10GB	40GB	30.72h	$0.79
9ea126c1-b853-49e7-a664-8ef1ba3ae3a3	salmon_paired_reads	10	64GB	80GB	1.60h	$0.22
30ffd585-a9d7-4910-9656-91cb596b0ef8	bamToFastq	0	0GB	0GB	0.00h	$0.00
30ffd585-a9d7-4910-9656-91cb596b0ef8	salmon_paired_reads	0	0GB	0GB	0.00h	$0.00
30a302df-0299-401a-ad6c-20a9134fffe9	bamToFastq	2	10GB	40GB	33.55h	$0.86
30a302df-0299-401a-ad6c-20a9134fffe9	salmon_paired_reads	10	64GB	80GB	0.91h	$0.12
f2cf7cc9-6f9b-4b0f-8493-5cc3afd95283	bamToFastq	2	10GB	40GB	32.64h	$0.83
f2cf7cc9-6f9b-4b0f-8493-5cc3afd95283	salmon_paired_reads	10	64GB	80GB	4.84h	$0.65
43e0d644-661c-4bc6-a547-b417a7a6c283	bamToFastq	2	10GB	40GB	29.30h	$0.75
43e0d644-661c-4bc6-a547-b417a7a6c283	salmon_paired_reads	10	64GB	80GB	1.77h	$0.24
5f615c45-6e3f-4ade-94b6-fa02d9caaef6	bamToFastq	2	10GB	40GB	25.39h	$0.65
5f615c45-6e3f-4ade-94b6-fa02d9caaef6	salmon_paired_reads	10	64GB	80GB	0.75h	$0.10
2596a5fc-158b-46fd-8e7c-77117d200f79	bamToFastq	0	0GB	0GB	0.00h	$0.00
2596a5fc-158b-46fd-8e7c-77117d200f79	salmon_paired_reads	0	0GB	0GB	0.00h	$0.00
a706522b-51ff-4a42-84c0-be83c53a91d1	bamToFastq	2	10GB	40GB	8.22h	$0.21
a706522b-51ff-4a42-84c0-be83c53a91d1	salmon_paired_reads	10	64GB	80GB	1.68h	$0.23
68c755d3-e902-40b3-9f23-991a077ef629	bamToFastq	2	10GB	40GB	40.25h	$1.03
68c755d3-e902-40b3-9f23-991a077ef629	bamToFastq	2	10GB	40GB	0.52h	$0.01
d9110fef-5946-4e42-bb5c-7bcc750a8936	bamToFastq	2	10GB	40GB	5.58h	$0.14
d9110fef-5946-4e42-bb5c-7bcc750a8936	salmon_paired_reads	10	64GB	80GB	1.41h	$0.19
da87b4cc-324b-40b2-97d1-5b01bef4f0a4	bamToFastq	2	10GB	40GB	2.12h	$0.05
da87b4cc-324b-40b2-97d1-5b01bef4f0a4	salmon_paired_reads	10	64GB	80GB	1.67h	$0.22
5f142fd7-0882-4e8a-8939-b30c7f3ca3f5	bamToFastq	2	10GB	40GB	19.86h	$0.51
5f142fd7-0882-4e8a-8939-b30c7f3ca3f5	salmon_paired_reads	10	64GB	80GB	0.94h	$0.13
c04ab5a9-2e29-43f1-986d-6c4215cc6fec	bamToFastq	2	10GB	40GB	35.09h	$0.90
c04ab5a9-2e29-43f1-986d-6c4215cc6fec	salmon_paired_reads	10	64GB	80GB	0.62h	$0.08
1357d816-801f-40f3-9d85-3a5c86e4dc14	bamToFastq	2	10GB	40GB	31.55h	$0.81
e1fdba32-6720-41b2-ace6-6d277320a470	bamToFastq	2	10GB	40GB	27.83h	$0.71
e1fdba32-6720-41b2-ace6-6d277320a470	salmon_paired_reads	10	64GB	80GB	4.72h	$0.63
2b9d6784-33b7-4658-b318-0851a69ff869	bamToFastq	0	0GB	0GB	0.00h	$0.00
2b9d6784-33b7-4658-b318-0851a69ff869	salmon_paired_reads	0	0GB	0GB	0.00h	$0.00
2194953f-0e49-4615-868c-fb0d85b54981	bamToFastq	2	10GB	40GB	9.83h	$0.25
2194953f-0e49-4615-868c-fb0d85b54981	salmon_paired_reads	10	64GB	80GB	6.15h	$0.83
2f3ef9d1-eb40-4fe7-90c0-f3e9eb7109b7	bamToFastq	2	10GB	40GB	23.39h	$0.60
2f3ef9d1-eb40-4fe7-90c0-f3e9eb7109b7	salmon_paired_reads	10	64GB	80GB	0.66h	$0.09
83d9cf20-72ab-4dac-aa79-a74e6f1c5e75	bamToFastq	2	10GB	40GB	12.73h	$0.33
83d9cf20-72ab-4dac-aa79-a74e6f1c5e75	salmon_paired_reads	10	64GB	80GB	1.26h	$0.17
a41e4a1b-fced-4176-a705-820ac3f867bf	bamToFastq	2	10GB	40GB	14.06h	$0.36
a41e4a1b-fced-4176-a705-820ac3f867bf	bamToFastq	2	10GB	40GB	0.29h	$0.01
a41e4a1b-fced-4176-a705-820ac3f867bf	salmon_paired_reads	10	64GB	80GB	3.85h	$0.52
b53caba4-3b0d-47e4-8005-53a89f627226	bamToFastq	0	0GB	0GB	0.00h	$0.00
b53caba4-3b0d-47e4-8005-53a89f627226	salmon_paired_reads	0	0GB	0GB	0.00h	$0.00
8cb0b1db-2a16-44a1-8c19-bceffbcda56c	bamToFastq	0	0GB	0GB	0.00h	$0.00
8cb0b1db-2a16-44a1-8c19-bceffbcda56c	salmon_paired_reads	0	0GB	0GB	0.00h	$0.00
2b3f5d78-063b-4769-95c4-d562639be7ee	bamToFastq	2	10GB	40GB	0.45h	$0.01
2b3f5d78-063b-4769-95c4-d562639be7ee	salmon_paired_reads	10	64GB	80GB	0.54h	$0.07
8aef13a4-b55d-4e3e-932c-10937ab3f9d4	bamToFastq	0	0GB	0GB	0.00h	$0.00
8aef13a4-b55d-4e3e-932c-10937ab3f9d4	salmon_paired_reads	0	0GB	0GB	0.00h	$0.00
cc3cc213-d2cb-42be-b0a9-f4bbb060528d	bamToFastq	0	0GB	0GB	0.00h	$0.00
cc3cc213-d2cb-42be-b0a9-f4bbb060528d	salmon_paired_reads	0	0GB	0GB	0.00h	$0.00
367d0d25-ab4e-48a2-b34f-19a5fb6a71d5	bamToFastq	2	10GB	40GB	24.22h	$0.62
367d0d25-ab4e-48a2-b34f-19a5fb6a71d5	salmon_paired_reads	10	64GB	80GB	0.97h	$0.13
cd54c1df-62b0-4421-a574-d3e9f5428137	bamToFastq	2	10GB	40GB	32.73h	$0.84
cd54c1df-62b0-4421-a574-d3e9f5428137	salmon_paired_reads	10	64GB	80GB	7.13h	$0.96
ff05ef5a-043a-463c-9385-3a535acd2579	bamToFastq	2	10GB	40GB	20.87h	$0.53
ff05ef5a-043a-463c-9385-3a535acd2579	salmon_paired_reads	10	64GB	80GB	0.76h	$0.10
50779ec3-6fa2-439a-9190-582ab93d506e	bamToFastq	2	10GB	40GB	18.73h	$0.48
50779ec3-6fa2-439a-9190-582ab93d506e	salmon_paired_reads	10	64GB	80GB	11.31h	$1.52
6a9e8ed7-bcb8-4af6-a926-5d9799bb64d8	bamToFastq	2	10GB	40GB	8.30h	$0.21
6a9e8ed7-bcb8-4af6-a926-5d9799bb64d8	salmon_paired_reads	10	64GB	80GB	2.86h	$0.38
56cc2393-5c27-49f8-9cd6-0c21c82ed935	bamToFastq	2	10GB	40GB	1.96h	$0.05
56cc2393-5c27-49f8-9cd6-0c21c82ed935	salmon_paired_reads	10	64GB	80GB	2.57h	$0.35
293590e8-480f-4e77-88a9-9c29938461e3	bamToFastq	2	10GB	40GB	7.18h	$0.18
293590e8-480f-4e77-88a9-9c29938461e3	salmon_paired_reads	10	64GB	80GB	2.36h	$0.32
4329d6fe-cc3d-40f4-9cf6-e7803605841d	bamToFastq	2	10GB	40GB	3.68h	$0.09
4329d6fe-cc3d-40f4-9cf6-e7803605841d	salmon_paired_reads	10	64GB	80GB	2.00h	$0.27
51d8e28a-f133-465c-84a4-538ea7d45ffb	bamToFastq	2	10GB	40GB	32.96h	$0.84
51d8e28a-f133-465c-84a4-538ea7d45ffb	salmon_paired_reads	10	64GB	80GB	11.95h	$1.60
0e42f5f5-bd4a-4b46-b03d-f9e30ddbe206	bamToFastq	2	10GB	40GB	10.82h	$0.28
0e42f5f5-bd4a-4b46-b03d-f9e30ddbe206	salmon_paired_reads	10	64GB	80GB	6.08h	$0.82
0e42f5f5-bd4a-4b46-b03d-f9e30ddbe206	salmon_paired_reads	10	64GB	80GB	2.29h	$0.31
67988912-91ac-4a58-a369-556b7d0f0d04	bamToFastq	2	10GB	40GB	21.87h	$0.56
67988912-91ac-4a58-a369-556b7d0f0d04	salmon_paired_reads	10	64GB	80GB	1.00h	$0.13
52d9f0d1-76a5-4741-8309-35c19f0b492c	bamToFastq	2	10GB	40GB	34.71h	$0.89
52d9f0d1-76a5-4741-8309-35c19f0b492c	salmon_paired_reads	10	64GB	80GB	1.64h	$0.22
72d12314-20a7-418d-960d-f5f264a4254f	bamToFastq	2	10GB	40GB	24.71h	$0.63
72d12314-20a7-418d-960d-f5f264a4254f	salmon_paired_reads	10	64GB	80GB	0.55h	$0.07
53fdbf0a-fd0c-4e5a-813c-21f1803a71cb	bamToFastq	2	10GB	40GB	33.18h	$0.85
53fdbf0a-fd0c-4e5a-813c-21f1803a71cb	salmon_paired_reads	10	64GB	80GB	1.41h	$0.19
f5d73b4e-44db-4cfa-8c93-ddd57b6d8ef6	bamToFastq	2	10GB	40GB	20.88h	$0.53
f5d73b4e-44db-4cfa-8c93-ddd57b6d8ef6	salmon_paired_reads	10	64GB	80GB	1.46h	$0.20
a5a055ae-9e9e-4695-bd24-19d77b465c64	bamToFastq	2	10GB	40GB	5.61h	$0.14
a5a055ae-9e9e-4695-bd24-19d77b465c64	salmon_paired_reads	10	64GB	80GB	1.19h	$0.16
d4ec508b-9525-4a51-aa1f-8608625b4186	bamToFastq	0	0GB	0GB	0.00h	$0.00
d4ec508b-9525-4a51-aa1f-8608625b4186	salmon_paired_reads	0	0GB	0GB	0.00h	$0.00
be71ad12-ed3e-4f54-a072-867324362a72	bamToFastq	2	10GB	40GB	27.22h	$0.70
65412057-9a25-4ee2-a0d5-3d64bcf6080c	bamToFastq	2	10GB	40GB	4.14h	$0.11
65412057-9a25-4ee2-a0d5-3d64bcf6080c	salmon_paired_reads	10	64GB	80GB	1.63h	$0.22
c7eec6e6-e291-48e3-91d2-9a46800a07a4	bamToFastq	0	0GB	0GB	0.00h	$0.00
c7eec6e6-e291-48e3-91d2-9a46800a07a4	salmon_paired_reads	0	0GB	0GB	0.00h	$0.00
5c194f67-96c4-463d-9f07-846b4ff18e22	bamToFastq	2	10GB	40GB	1.17h	$0.03
b5083ee0-5e14-42b6-9fff-3e7f37bfbb3e	bamToFastq	2	10GB	40GB	28.63h	$0.73
c4a3914d-8352-4105-8354-405bbd7a9d93	bamToFastq	2	10GB	40GB	5.05h	$0.13
c4a3914d-8352-4105-8354-405bbd7a9d93	salmon_paired_reads	10	64GB	80GB	4.68h	$0.63
c4a3914d-8352-4105-8354-405bbd7a9d93	salmon_paired_reads	10	64GB	80GB	2.71h	$0.36
c4a3914d-8352-4105-8354-405bbd7a9d93	salmon_paired_reads	10	64GB	80GB	7.84h	$1.05
b1b3a241-8c14-49de-9fc0-cf7df10fee77	bamToFastq	2	10GB	40GB	31.30h	$0.80
b1b3a241-8c14-49de-9fc0-cf7df10fee77	salmon_paired_reads	10	64GB	80GB	1.72h	$0.23
34dab291-3734-496f-b889-d7a775873c04	bamToFastq	2	10GB	40GB	0.33h	$0.01
34dab291-3734-496f-b889-d7a775873c04	salmon_paired_reads	10	64GB	80GB	0.87h	$0.12
3d787655-5b2e-4b13-99eb-77b20c9f17c6	bamToFastq	2	10GB	40GB	14.31h	$0.37
3d787655-5b2e-4b13-99eb-77b20c9f17c6	salmon_paired_reads	10	64GB	80GB	1.09h	$0.15
784980e5-1a04-4dcc-aba8-691aa6799aef	bamToFastq	2	10GB	40GB	9.35h	$0.24
784980e5-1a04-4dcc-aba8-691aa6799aef	salmon_paired_reads	10	64GB	80GB	1.25h	$0.17
677ac142-5e2f-4007-a72a-a39b7b62cf10	bamToFastq	2	10GB	40GB	16.72h	$0.43
677ac142-5e2f-4007-a72a-a39b7b62cf10	salmon_paired_reads	10	64GB	80GB	15.91h	$2.14
f09a8a81-826d-4163-8540-7052fdbc84bb	bamToFastq	2	10GB	40GB	36.89h	$0.94
f09a8a81-826d-4163-8540-7052fdbc84bb	salmon_paired_reads	10	64GB	80GB	0.90h	$0.12
520969ca-da81-46c2-9dbe-24f27f1685e8	bamToFastq	0	0GB	0GB	0.00h	$0.00
520969ca-da81-46c2-9dbe-24f27f1685e8	salmon_paired_reads	0	0GB	0GB	0.00h	$0.00
ede3cc18-c507-4f76-b7dc-63f22439a9bc	bamToFastq	2	10GB	40GB	7.99h	$0.20
ede3cc18-c507-4f76-b7dc-63f22439a9bc	salmon_paired_reads	10	64GB	80GB	0.63h	$0.08
32686c0d-9d95-4038-9099-21294d3728ad	bamToFastq	2	10GB	40GB	1.50h	$0.04
32686c0d-9d95-4038-9099-21294d3728ad	salmon_paired_reads	10	64GB	80GB	1.83h	$0.25
c56aa5a5-a74c-42e8-8f5d-ec5491209fd1	bamToFastq	2	10GB	40GB	24.34h	$0.62
c56aa5a5-a74c-42e8-8f5d-ec5491209fd1	salmon_paired_reads	10	64GB	80GB	7.11h	$0.96
8ccb8a92-5fbe-468d-8536-72dfebb8aa2c	bamToFastq	2	10GB	40GB	21.85h	$0.56
8ccb8a92-5fbe-468d-8536-72dfebb8aa2c	bamToFastq	2	10GB	40GB	0.57h	$0.01
8ccb8a92-5fbe-468d-8536-72dfebb8aa2c	salmon_paired_reads	10	64GB	80GB	3.84h	$0.52
8ccb8a92-5fbe-468d-8536-72dfebb8aa2c	salmon_paired_reads	10	64GB	80GB	0.62h	$0.08
a902219b-48d5-4715-a943-c59161436309	bamToFastq	2	10GB	40GB	11.33h	$0.29
a902219b-48d5-4715-a943-c59161436309	bamToFastq	2	10GB	40GB	0.54h	$0.01
a902219b-48d5-4715-a943-c59161436309	salmon_paired_reads	10	64GB	80GB	1.21h	$0.16
6d1fce35-15e9-480f-9898-5d0e2f76e013	bamToFastq	2	10GB	40GB	24.72h	$0.63
6d1fce35-15e9-480f-9898-5d0e2f76e013	salmon_paired_reads	10	64GB	80GB	1.38h	$0.19
8218513b-7ba8-4944-90fa-183f3753e920	bamToFastq	2	10GB	40GB	30.23h	$0.77
8218513b-7ba8-4944-90fa-183f3753e920	salmon_paired_reads	10	64GB	80GB	1.76h	$0.24
f7daf8be-16fc-418d-af09-1abff6f53252	bamToFastq	2	10GB	40GB	34.03h	$0.87
f7daf8be-16fc-418d-af09-1abff6f53252	salmon_paired_reads	10	64GB	80GB	2.24h	$0.30
c769d228-8d7f-4808-8b24-f78ed89e90cd	bamToFastq	2	10GB	40GB	35.22h	$0.90
c769d228-8d7f-4808-8b24-f78ed89e90cd	bamToFastq	2	10GB	40GB	0.39h	$0.01
c769d228-8d7f-4808-8b24-f78ed89e90cd	salmon_paired_reads	10	64GB	80GB	1.38h	$0.19
c769d228-8d7f-4808-8b24-f78ed89e90cd	salmon_paired_reads	10	64GB	80GB	3.90h	$0.52
8f493324-9279-4f38-96f5-27db0065185c	bamToFastq	2	10GB	40GB	30.16h	$0.77
8f493324-9279-4f38-96f5-27db0065185c	salmon_paired_reads	10	64GB	80GB	6.16h	$0.83
effcccd3-a830-4adb-a2dd-7c1afd08a0fa	bamToFastq	2	10GB	40GB	5.21h	$0.13
effcccd3-a830-4adb-a2dd-7c1afd08a0fa	salmon_paired_reads	10	64GB	80GB	1.24h	$0.17
d4b36d28-85cd-4fc5-b356-7c3c3022a5be	bamToFastq	0	0GB	0GB	0.00h	$0.00
d4b36d28-85cd-4fc5-b356-7c3c3022a5be	salmon_paired_reads	0	0GB	0GB	0.00h	$0.00
2138cac1-63f6-47fc-835b-0ba607956e50	bamToFastq	2	10GB	40GB	6.65h	$0.17
2138cac1-63f6-47fc-835b-0ba607956e50	salmon_paired_reads	10	64GB	80GB	1.53h	$0.21
a87ce3b5-246e-4aa1-ae27-209d367466db	bamToFastq	2	10GB	40GB	16.07h	$0.41
a87ce3b5-246e-4aa1-ae27-209d367466db	salmon_paired_reads	10	64GB	80GB	1.50h	$0.20
212d023d-e871-42b9-9db2-4b46b5c13391	bamToFastq	0	0GB	0GB	0.00h	$0.00
212d023d-e871-42b9-9db2-4b46b5c13391	salmon_paired_reads	0	0GB	0GB	0.00h	$0.00
af1027cc-71ad-4e34-b0b4-4587b15fe037	bamToFastq	2	10GB	40GB	12.10h	$0.31
af1027cc-71ad-4e34-b0b4-4587b15fe037	salmon_paired_reads	10	64GB	80GB	12.13h	$1.63
7129d309-398e-41f3-b2d0-475c0d3a785d	bamToFastq	2	10GB	40GB	14.35h	$0.37
7129d309-398e-41f3-b2d0-475c0d3a785d	salmon_paired_reads	10	64GB	80GB	3.17h	$0.43
7a99fe3b-62ec-4bbc-996a-6e6ce2a2d9ac	bamToFastq	2	10GB	40GB	5.53h	$0.14
7a99fe3b-62ec-4bbc-996a-6e6ce2a2d9ac	salmon_paired_reads	10	64GB	80GB	0.67h	$0.09
7a99fe3b-62ec-4bbc-996a-6e6ce2a2d9ac	salmon_paired_reads	10	64GB	80GB	7.21h	$0.97
a955ec75-a007-417d-81b7-b8aada85c4fa	bamToFastq	2	10GB	40GB	18.99h	$0.49
a955ec75-a007-417d-81b7-b8aada85c4fa	salmon_paired_reads	10	64GB	80GB	23.62h	$3.17
9b1ce9bf-8aec-4983-9a73-697a85c3d7e3	bamToFastq	2	10GB	40GB	19.97h	$0.51
9b1ce9bf-8aec-4983-9a73-697a85c3d7e3	bamToFastq	2	10GB	40GB	1.98h	$0.05
9b1ce9bf-8aec-4983-9a73-697a85c3d7e3	salmon_paired_reads	10	64GB	80GB	1.88h	$0.25
63c526f0-a1c4-45fd-890d-038234c6c1f8	bamToFastq	2	10GB	40GB	2.68h	$0.07
02a53afc-7388-4fc7-b25d-98ea97afd69a	bamToFastq	2	10GB	40GB	8.81h	$0.23
02a53afc-7388-4fc7-b25d-98ea97afd69a	salmon_paired_reads	10	64GB	80GB	1.32h	$0.18
cf427f54-43b6-4ad6-aa3a-6a3de673ec58	bamToFastq	2	10GB	40GB	15.07h	$0.38
cf427f54-43b6-4ad6-aa3a-6a3de673ec58	salmon_paired_reads	10	64GB	80GB	2.45h	$0.33
2c2314cc-8e17-4b09-8d5a-88bf0b77131b	bamToFastq	2	10GB	40GB	34.54h	$0.88
2c2314cc-8e17-4b09-8d5a-88bf0b77131b	salmon_paired_reads	10	64GB	80GB	1.05h	$0.14
165db92c-ff62-4163-b6a1-dc6adc47b866	bamToFastq	2	10GB	40GB	7.61h	$0.19
165db92c-ff62-4163-b6a1-dc6adc47b866	salmon_paired_reads	10	64GB	80GB	3.37h	$0.45
57e5053f-90af-41fb-89ae-b05f5e3329dd	bamToFastq	2	10GB	40GB	29.57h	$0.76
57e5053f-90af-41fb-89ae-b05f5e3329dd	salmon_paired_reads	10	64GB	80GB	13.75h	$1.85
2ce067a1-01be-45e1-81a7-8074ba15a7cd	bamToFastq	2	10GB	40GB	3.23h	$0.08
2ce067a1-01be-45e1-81a7-8074ba15a7cd	salmon_paired_reads	10	64GB	80GB	1.38h	$0.19
f3158594-ab23-435d-97d8-5d6c9d338dab	bamToFastq	2	10GB	40GB	37.08h	$0.95
f3158594-ab23-435d-97d8-5d6c9d338dab	salmon_paired_reads	10	64GB	80GB	1.66h	$0.22
71652a34-36d7-4ecc-b05e-b1217f0fd24f	bamToFastq	0	0GB	0GB	0.00h	$0.00
71652a34-36d7-4ecc-b05e-b1217f0fd24f	salmon_paired_reads	0	0GB	0GB	0.00h	$0.00
26fe024a-1eda-43cf-9ec1-4ee42e8337c7	bamToFastq	2	10GB	40GB	19.16h	$0.49
26fe024a-1eda-43cf-9ec1-4ee42e8337c7	salmon_paired_reads	10	64GB	80GB	0.66h	$0.09
08216ebd-a8aa-4650-8b59-8ccc68fc2ef8	bamToFastq	2	10GB	40GB	12.84h	$0.33
08216ebd-a8aa-4650-8b59-8ccc68fc2ef8	salmon_paired_reads	10	64GB	80GB	1.17h	$0.16
30ea9cc2-ea40-4084-a4ba-47f86cd1d882	bamToFastq	0	0GB	0GB	0.00h	$0.00
30ea9cc2-ea40-4084-a4ba-47f86cd1d882	salmon_paired_reads	10	64GB	80GB	24.67h	$3.31
933ff34c-6877-4492-9243-9ca69e9cda44	bamToFastq	2	10GB	40GB	4.64h	$0.12
933ff34c-6877-4492-9243-9ca69e9cda44	salmon_paired_reads	10	64GB	80GB	0.73h	$0.10
b5053991-9873-4fd5-88a7-1f8532db2da5	bamToFastq	2	10GB	40GB	16.25h	$0.42
b5053991-9873-4fd5-88a7-1f8532db2da5	salmon_paired_reads	10	64GB	80GB	1.89h	$0.25
c114f956-3413-4070-9015-c72272f13f3d	bamToFastq	2	10GB	40GB	33.79h	$0.86
2b8eeda6-c945-4f8c-8186-bd9facf38585	bamToFastq	2	10GB	40GB	12.16h	$0.31
2b8eeda6-c945-4f8c-8186-bd9facf38585	salmon_paired_reads	10	64GB	80GB	19.09h	$2.56
2ff71682-74be-4b41-95cc-0b30693ce5eb	bamToFastq	2	10GB	40GB	2.75h	$0.07
2ff71682-74be-4b41-95cc-0b30693ce5eb	salmon_paired_reads	10	64GB	80GB	0.62h	$0.08
e97b95ae-647e-48fc-ac04-89849a3669a3	bamToFastq	2	10GB	40GB	4.80h	$0.12
e97b95ae-647e-48fc-ac04-89849a3669a3	salmon_paired_reads	10	64GB	80GB	2.08h	$0.28
c5b7cf90-fd0c-48ed-bdac-e9f1ea51c8ef	bamToFastq	2	10GB	40GB	6.79h	$0.17
c5b7cf90-fd0c-48ed-bdac-e9f1ea51c8ef	salmon_paired_reads	10	64GB	80GB	4.01h	$0.54
d1733380-5df5-4757-941e-fca78cd8c149	bamToFastq	2	10GB	40GB	13.62h	$0.35
26ba1509-8da7-4a96-b74b-cc209e3d92d1	bamToFastq	2	10GB	40GB	13.71h	$0.35
26ba1509-8da7-4a96-b74b-cc209e3d92d1	salmon_paired_reads	10	64GB	80GB	7.28h	$0.98
04b25af9-2cf3-496b-af30-fb2427ce91dc	bamToFastq	2	10GB	40GB	12.65h	$0.32
04b25af9-2cf3-496b-af30-fb2427ce91dc	salmon_paired_reads	10	64GB	80GB	10.96h	$1.47
3eceb5e6-effb-40de-88f6-ff2e703b4357	bamToFastq	2	10GB	40GB	2.17h	$0.06
3eceb5e6-effb-40de-88f6-ff2e703b4357	salmon_paired_reads	10	64GB	80GB	1.08h	$0.15
8d67428b-32e6-4449-b0ae-ff74ef5858d2	bamToFastq	2	10GB	40GB	32.11h	$0.82
8d67428b-32e6-4449-b0ae-ff74ef5858d2	salmon_paired_reads	10	64GB	80GB	7.11h	$0.96
0cf34ef6-2fc6-4ee2-a9bc-44c196b4dd2f	bamToFastq	2	10GB	40GB	39.36h	$1.01
0cf34ef6-2fc6-4ee2-a9bc-44c196b4dd2f	bamToFastq	2	10GB	40GB	0.54h	$0.01
0cf34ef6-2fc6-4ee2-a9bc-44c196b4dd2f	salmon_paired_reads	10	64GB	80GB	1.29h	$0.17
5d1386d4-8a07-4f31-9001-660781ed4d45	bamToFastq	2	10GB	40GB	15.79h	$0.40
5d1386d4-8a07-4f31-9001-660781ed4d45	salmon_paired_reads	10	64GB	80GB	1.12h	$0.15
5ae96b00-9552-4b93-bef3-9491fe3b6df3	bamToFastq	2	10GB	40GB	31.69h	$0.81
5ae96b00-9552-4b93-bef3-9491fe3b6df3	salmon_paired_reads	10	64GB	80GB	3.18h	$0.43
d75014f9-2e4b-47b9-9d1b-f607a6cc617c	bamToFastq	2	10GB	40GB	17.81h	$0.46
d75014f9-2e4b-47b9-9d1b-f607a6cc617c	salmon_paired_reads	10	64GB	80GB	0.59h	$0.08
8feabcbc-c143-4013-a9d6-836de8a9e154	bamToFastq	2	10GB	40GB	21.10h	$0.54
8feabcbc-c143-4013-a9d6-836de8a9e154	salmon_paired_reads	10	64GB	80GB	1.23h	$0.17
b4c69fee-2895-4f4b-932b-dac46ab65732	bamToFastq	2	10GB	40GB	23.41h	$0.60
b4c69fee-2895-4f4b-932b-dac46ab65732	salmon_paired_reads	10	64GB	80GB	1.20h	$0.16
95bca070-6ddf-43dc-9d66-779445f296f4	bamToFastq	2	10GB	40GB	32.16h	$0.82
95bca070-6ddf-43dc-9d66-779445f296f4	salmon_paired_reads	10	64GB	80GB	1.59h	$0.21
57d98c51-796e-4d62-85ca-38c1d1fc51c8	bamToFastq	2	10GB	40GB	11.32h	$0.29
57d98c51-796e-4d62-85ca-38c1d1fc51c8	salmon_paired_reads	10	64GB	80GB	0.59h	$0.08
2702359a-eb97-4587-8670-cc24b2626626	bamToFastq	2	10GB	40GB	31.34h	$0.80
2702359a-eb97-4587-8670-cc24b2626626	salmon_paired_reads	10	64GB	80GB	1.89h	$0.25
03cd64f7-5ca2-4db1-a946-cd73459b8b87	bamToFastq	2	10GB	40GB	4.67h	$0.12
03cd64f7-5ca2-4db1-a946-cd73459b8b87	salmon_paired_reads	10	64GB	80GB	1.56h	$0.21
38af35e8-acab-44ac-abae-6d98ea2b897c	bamToFastq	2	10GB	40GB	13.04h	$0.33
38af35e8-acab-44ac-abae-6d98ea2b897c	salmon_paired_reads	10	64GB	80GB	1.49h	$0.20
b16fc9d6-0534-4f01-8ec9-e2166a639358	bamToFastq	2	10GB	40GB	13.91h	$0.36
b16fc9d6-0534-4f01-8ec9-e2166a639358	salmon_paired_reads	10	64GB	80GB	29.47h	$3.96
944f39aa-11a5-4d50-9764-8b3e56c83031	bamToFastq	2	10GB	40GB	39.09h	$1.00
944f39aa-11a5-4d50-9764-8b3e56c83031	salmon_paired_reads	10	64GB	80GB	5.10h	$0.69
ed677750-6427-43f7-89d2-3df0f1731349	bamToFastq	2	10GB	40GB	0.64h	$0.02
9ab5041e-40ef-4960-bcb9-2cdfdfe27e1d	bamToFastq	2	10GB	40GB	4.78h	$0.12
9ab5041e-40ef-4960-bcb9-2cdfdfe27e1d	salmon_paired_reads	10	64GB	80GB	2.02h	$0.27
3a422fff-ec89-4bf7-8695-ccf31dcacbc3	bamToFastq	2	10GB	40GB	35.09h	$0.90
3a422fff-ec89-4bf7-8695-ccf31dcacbc3	salmon_paired_reads	10	64GB	80GB	6.32h	$0.85
7f907506-4410-476b-9c08-e212adfbda22	bamToFastq	2	10GB	40GB	37.98h	$0.97
7f907506-4410-476b-9c08-e212adfbda22	salmon_paired_reads	10	64GB	80GB	2.99h	$0.40
95d4381b-6e62-41a3-a1e6-734f39cc6603	bamToFastq	2	10GB	40GB	33.23h	$0.85
95d4381b-6e62-41a3-a1e6-734f39cc6603	salmon_paired_reads	10	64GB	80GB	4.76h	$0.64
019d14fa-0f0e-4a53-af9c-2286bcad5dac	bamToFastq	2	10GB	40GB	15.45h	$0.39
019d14fa-0f0e-4a53-af9c-2286bcad5dac	bamToFastq	2	10GB	40GB	0.84h	$0.02
019d14fa-0f0e-4a53-af9c-2286bcad5dac	salmon_paired_reads	10	64GB	80GB	0.59h	$0.08
ef68444a-fb5f-4789-b15c-adcf011d3eb4	bamToFastq	2	10GB	40GB	9.37h	$0.24
ef68444a-fb5f-4789-b15c-adcf011d3eb4	salmon_paired_reads	10	64GB	80GB	5.16h	$0.69
578c3e77-1ba3-4761-8060-f92141a371dc	bamToFastq	2	10GB	40GB	28.27h	$0.72
0acd3ae3-3370-4da7-b17f-90a96e2a2cde	bamToFastq	2	10GB	40GB	27.22h	$0.70
0acd3ae3-3370-4da7-b17f-90a96e2a2cde	salmon_paired_reads	10	64GB	80GB	1.54h	$0.21
f2eadd61-fbd7-4c17-a38b-ce1f69e3ee61	bamToFastq	2	10GB	40GB	37.15h	$0.95
f2eadd61-fbd7-4c17-a38b-ce1f69e3ee61	salmon_paired_reads	10	64GB	80GB	0.60h	$0.08
0879b25d-0554-414b-af6f-aa0cd415c64d	bamToFastq	2	10GB	40GB	24.24h	$0.62
0879b25d-0554-414b-af6f-aa0cd415c64d	salmon_paired_reads	10	64GB	80GB	4.79h	$0.64
819ef723-3963-4a08-965b-3e6a9e011a2c	bamToFastq	2	10GB	40GB	1.60h	$0.04
819ef723-3963-4a08-965b-3e6a9e011a2c	salmon_paired_reads	10	64GB	80GB	2.30h	$0.31
7f4c6e77-f105-4513-b141-cc221d8f31e5	bamToFastq	2	10GB	40GB	21.29h	$0.54
7f4c6e77-f105-4513-b141-cc221d8f31e5	salmon_paired_reads	10	64GB	80GB	0.91h	$0.12
6dd8a1a0-9fdd-4a07-a5a5-64c231fe34f8	bamToFastq	2	10GB	40GB	27.06h	$0.69
6dd8a1a0-9fdd-4a07-a5a5-64c231fe34f8	salmon_paired_reads	10	64GB	80GB	0.63h	$0.08
16cb95c9-2973-4601-98d0-4414a2fb6619	bamToFastq	2	10GB	40GB	1.19h	$0.03
16cb95c9-2973-4601-98d0-4414a2fb6619	salmon_paired_reads	10	64GB	80GB	0.66h	$0.09
53b876cb-047f-49cc-97e4-94a55ac18412	bamToFastq	2	10GB	40GB	9.75h	$0.25
53b876cb-047f-49cc-97e4-94a55ac18412	salmon_paired_reads	10	64GB	80GB	2.45h	$0.33
3c1e2e4d-3906-4a78-a5ab-64f5ed7d86a5	bamToFastq	2	10GB	40GB	36.57h	$0.93
3c1e2e4d-3906-4a78-a5ab-64f5ed7d86a5	salmon_paired_reads	10	64GB	80GB	0.87h	$0.12
b028d6f5-27c8-437d-a25f-33300107405f	bamToFastq	2	10GB	40GB	33.74h	$0.86
b028d6f5-27c8-437d-a25f-33300107405f	salmon_paired_reads	10	64GB	80GB	4.69h	$0.63
8cd2c77a-9b0b-4756-ba80-15ecd3279278	bamToFastq	2	10GB	40GB	36.67h	$0.94
8cd2c77a-9b0b-4756-ba80-15ecd3279278	salmon_paired_reads	10	64GB	80GB	4.60h	$0.62
dc884794-fea6-45b6-841c-6990648aaaff	bamToFastq	2	10GB	40GB	27.40h	$0.70
dc884794-fea6-45b6-841c-6990648aaaff	salmon_paired_reads	10	64GB	80GB	2.19h	$0.29
730b13f1-f124-454f-8e5d-94861a70dd18	bamToFastq	2	10GB	40GB	23.18h	$0.59
730b13f1-f124-454f-8e5d-94861a70dd18	salmon_paired_reads	10	64GB	80GB	6.28h	$0.84
1d6ec49e-916b-4dcd-a22b-455878e61a34	bamToFastq	2	10GB	40GB	36.08h	$0.92
1d6ec49e-916b-4dcd-a22b-455878e61a34	salmon_paired_reads	10	64GB	80GB	0.69h	$0.09
d2024956-c648-438c-b0e4-cdfd71a1a649	bamToFastq	2	10GB	40GB	28.95h	$0.74
d2024956-c648-438c-b0e4-cdfd71a1a649	salmon_paired_reads	10	64GB	80GB	0.56h	$0.08
1895dbf8-4c2d-4f81-93fe-42a8165373e5	bamToFastq	2	10GB	40GB	1.24h	$0.03
1895dbf8-4c2d-4f81-93fe-42a8165373e5	salmon_paired_reads	10	64GB	80GB	1.37h	$0.18
238be339-f165-44b4-8bb2-d9115e4503c9	bamToFastq	2	10GB	40GB	25.42h	$0.65
238be339-f165-44b4-8bb2-d9115e4503c9	salmon_paired_reads	10	64GB	80GB	1.48h	$0.20
7ecc4a48-73bc-4506-8e2a-b89cf54a256e	bamToFastq	2	10GB	40GB	39.86h	$1.02
7ecc4a48-73bc-4506-8e2a-b89cf54a256e	salmon_paired_reads	10	64GB	80GB	2.26h	$0.30
d12a423a-4bf8-478e-802b-4b466c27d681	bamToFastq	2	10GB	40GB	34.10h	$0.87
fbfd5872-e4af-4feb-afe6-771eda9b8074	bamToFastq	2	10GB	40GB	29.20h	$0.75
fbfd5872-e4af-4feb-afe6-771eda9b8074	salmon_paired_reads	10	64GB	80GB	0.56h	$0.07
f3bb8e07-5f84-43d8-b25d-3701926ce22a	bamToFastq	2	10GB	40GB	0.63h	$0.02
f3bb8e07-5f84-43d8-b25d-3701926ce22a	salmon_paired_reads	10	64GB	80GB	1.29h	$0.17
5d6df406-ef00-4bd2-9c8e-cdc5654d05a2	bamToFastq	2	10GB	40GB	3.93h	$0.10
5d6df406-ef00-4bd2-9c8e-cdc5654d05a2	salmon_paired_reads	10	64GB	80GB	2.24h	$0.30
4ca7ad39-d9bc-4965-8743-dde17b2bf0ed	bamToFastq	2	10GB	40GB	6.52h	$0.17
4ca7ad39-d9bc-4965-8743-dde17b2bf0ed	salmon_paired_reads	10	64GB	80GB	2.86h	$0.38
7f54966a-949b-4084-aeb9-5ad72efe9770	bamToFastq	2	10GB	40GB	4.98h	$0.13
7f54966a-949b-4084-aeb9-5ad72efe9770	salmon_paired_reads	10	64GB	80GB	2.57h	$0.35
e0caadda-8fa5-49e9-b362-e3b30961e610	bamToFastq	2	10GB	40GB	22.49h	$0.57
e0caadda-8fa5-49e9-b362-e3b30961e610	salmon_paired_reads	10	64GB	80GB	1.61h	$0.22
2addffc3-cfc8-4d3d-b552-773dda3ae3ee	bamToFastq	2	10GB	40GB	14.88h	$0.38
2addffc3-cfc8-4d3d-b552-773dda3ae3ee	salmon_paired_reads	10	64GB	80GB	6.81h	$0.92
feb3c87b-9350-4f7a-932e-de34059b23f3	bamToFastq	2	10GB	40GB	38.44h	$0.98
feb3c87b-9350-4f7a-932e-de34059b23f3	salmon_paired_reads	10	64GB	80GB	1.14h	$0.15
cc6adbfa-bb5d-4e93-ae52-ccd6318acdd0	bamToFastq	2	10GB	40GB	15.34h	$0.39
cc6adbfa-bb5d-4e93-ae52-ccd6318acdd0	salmon_paired_reads	10	64GB	80GB	2.71h	$0.36
88f161dc-09e3-4472-b86f-92dc491b1453	bamToFastq	2	10GB	40GB	27.58h	$0.70
88f161dc-09e3-4472-b86f-92dc491b1453	salmon_paired_reads	10	64GB	80GB	6.75h	$0.91
aaeafb9f-6a40-466d-bc3e-e64227fc1df7	bamToFastq	2	10GB	40GB	38.57h	$0.99
aaeafb9f-6a40-466d-bc3e-e64227fc1df7	salmon_paired_reads	10	64GB	80GB	1.49h	$0.20
8599cfad-4dc9-47e5-aea5-07a7a0185fad	bamToFastq	2	10GB	40GB	0.52h	$0.01
d5e19f32-3c3f-40da-a33f-21ec98e7c5c7	bamToFastq	2	10GB	40GB	34.99h	$0.89
d5e19f32-3c3f-40da-a33f-21ec98e7c5c7	salmon_paired_reads	10	64GB	80GB	0.62h	$0.08
baff45fe-9b44-45c1-b428-2fe669ac3b20	bamToFastq	2	10GB	40GB	7.43h	$0.19
baff45fe-9b44-45c1-b428-2fe669ac3b20	salmon_paired_reads	10	64GB	80GB	1.26h	$0.17
5f31d22c-e445-4971-a124-2714eda4f5f6	bamToFastq	2	10GB	40GB	5.06h	$0.13
5f31d22c-e445-4971-a124-2714eda4f5f6	salmon_paired_reads	10	64GB	80GB	32.88h	$4.42
d4cd3715-63fa-4209-81ec-aa2cdad6695b	bamToFastq	2	10GB	40GB	23.48h	$0.60
d4cd3715-63fa-4209-81ec-aa2cdad6695b	bamToFastq	2	10GB	40GB	0.45h	$0.01
d4cd3715-63fa-4209-81ec-aa2cdad6695b	salmon_paired_reads	10	64GB	80GB	1.65h	$0.22
ba169329-a0ab-4a26-99fb-5dab91804139	bamToFastq	2	10GB	40GB	37.55h	$0.96
ba169329-a0ab-4a26-99fb-5dab91804139	salmon_paired_reads	10	64GB	80GB	5.17h	$0.69
761067be-621b-4d35-9e5a-5278fd68a08e	bamToFastq	2	10GB	40GB	30.18h	$0.77
761067be-621b-4d35-9e5a-5278fd68a08e	salmon_paired_reads	10	64GB	80GB	6.44h	$0.87
761067be-621b-4d35-9e5a-5278fd68a08e	salmon_paired_reads	10	64GB	80GB	8.68h	$1.17
396532c2-14db-4d80-8f65-4084dba113b0	bamToFastq	0	0GB	0GB	0.00h	$0.00
396532c2-14db-4d80-8f65-4084dba113b0	salmon_paired_reads	0	0GB	0GB	0.00h	$0.00
3f179e45-5803-435e-86cf-4234b97b950c	bamToFastq	0	0GB	0GB	0.00h	$0.00
3f179e45-5803-435e-86cf-4234b97b950c	salmon_paired_reads	10	64GB	80GB	44.19h	$5.94
aee09d7d-2326-456c-9ea4-6e35d858b7b7	bamToFastq	2	10GB	40GB	20.15h	$0.51
aee09d7d-2326-456c-9ea4-6e35d858b7b7	salmon_paired_reads	10	64GB	80GB	0.76h	$0.10
63b513dd-86cd-4b4a-9053-00ac21e7a46e	bamToFastq	2	10GB	40GB	25.72h	$0.66
63b513dd-86cd-4b4a-9053-00ac21e7a46e	salmon_paired_reads	10	64GB	80GB	2.20h	$0.30
9fa6a7bd-8d00-4915-bfe4-a87dafe75379	bamToFastq	2	10GB	40GB	37.90h	$0.97
55af9821-7915-4f14-b06c-985017b96a89	bamToFastq	2	10GB	40GB	20.75h	$0.53
55af9821-7915-4f14-b06c-985017b96a89	salmon_paired_reads	10	64GB	80GB	2.10h	$0.28
2c228100-a757-4ec0-aea2-56b79323bec6	bamToFastq	2	10GB	40GB	7.86h	$0.20
2c228100-a757-4ec0-aea2-56b79323bec6	salmon_paired_reads	10	64GB	80GB	7.92h	$1.06
276ae656-0e08-427d-89a9-bdf0cfaca79a	bamToFastq	2	10GB	40GB	32.43h	$0.83
276ae656-0e08-427d-89a9-bdf0cfaca79a	salmon_paired_reads	10	64GB	80GB	2.75h	$0.37
276ae656-0e08-427d-89a9-bdf0cfaca79a	salmon_paired_reads	10	64GB	80GB	1.69h	$0.23
c55361b3-06b5-4ca4-b97f-f6cb6c5c30d8	bamToFastq	0	0GB	0GB	0.00h	$0.00
c55361b3-06b5-4ca4-b97f-f6cb6c5c30d8	salmon_paired_reads	0	0GB	0GB	0.00h	$0.00
1a2e5718-08ec-42c2-8f44-7ddc1408a2a2	bamToFastq	0	0GB	0GB	0.00h	$0.00
1a2e5718-08ec-42c2-8f44-7ddc1408a2a2	salmon_paired_reads	0	0GB	0GB	0.00h	$0.00
fb3460c0-8ef1-4b5c-bc10-28595ebae370	bamToFastq	2	10GB	40GB	32.94h	$0.84
69873c1b-5a42-477f-9c8d-a8c5222402e6	bamToFastq	2	10GB	40GB	15.88h	$0.41
69873c1b-5a42-477f-9c8d-a8c5222402e6	salmon_paired_reads	10	64GB	80GB	2.94h	$0.39
7614edf6-0278-41c5-b348-f3d6d5724f2b	bamToFastq	2	10GB	40GB	37.22h	$0.95
7614edf6-0278-41c5-b348-f3d6d5724f2b	salmon_paired_reads	10	64GB	80GB	2.19h	$0.29
cd790113-1366-4ee2-8d5d-a8fa04a80518	bamToFastq	2	10GB	40GB	2.56h	$0.07
de81b9bd-159c-4449-a6cc-147474133954	bamToFastq	2	10GB	40GB	14.02h	$0.36
de81b9bd-159c-4449-a6cc-147474133954	salmon_paired_reads	10	64GB	80GB	0.78h	$0.10
62d534ff-4659-4f1a-85ce-d3f70bcef4cd	bamToFastq	2	10GB	40GB	9.82h	$0.25
62d534ff-4659-4f1a-85ce-d3f70bcef4cd	salmon_paired_reads	10	64GB	80GB	0.90h	$0.12
62d534ff-4659-4f1a-85ce-d3f70bcef4cd	salmon_paired_reads	10	64GB	80GB	0.64h	$0.09
d527e1f8-f3e0-4a38-9cde-a76d1746924c	bamToFastq	2	10GB	40GB	20.36h	$0.52
d527e1f8-f3e0-4a38-9cde-a76d1746924c	salmon_paired_reads	10	64GB	80GB	0.59h	$0.08
778d47c4-5433-4df7-9b67-d8a133a787be	bamToFastq	2	10GB	40GB	10.55h	$0.27
654b42d8-453a-4384-a81d-55d9cbacd95f	bamToFastq	2	10GB	40GB	29.73h	$0.76
654b42d8-453a-4384-a81d-55d9cbacd95f	salmon_paired_reads	10	64GB	80GB	0.66h	$0.09
62bd4095-c554-474c-adcf-492797ca73ed	bamToFastq	2	10GB	40GB	33.45h	$0.85
62bd4095-c554-474c-adcf-492797ca73ed	salmon_paired_reads	10	64GB	80GB	2.11h	$0.28
62bd4095-c554-474c-adcf-492797ca73ed	salmon_paired_reads	10	64GB	80GB	0.74h	$0.10
2d869ddd-b62d-4934-9efe-f51b33c50f43	bamToFastq	0	0GB	0GB	0.00h	$0.00
2d869ddd-b62d-4934-9efe-f51b33c50f43	salmon_paired_reads	0	0GB	0GB	0.00h	$0.00
634dc293-3cae-4a24-abfb-16ebadcd7bc3	bamToFastq	2	10GB	40GB	19.41h	$0.50
634dc293-3cae-4a24-abfb-16ebadcd7bc3	salmon_paired_reads	10	64GB	80GB	0.65h	$0.09
89263f37-f03e-4234-886b-bbe41c9b6417	bamToFastq	2	10GB	40GB	19.44h	$0.50
89263f37-f03e-4234-886b-bbe41c9b6417	salmon_paired_reads	10	64GB	80GB	0.87h	$0.12
a96471c8-96cd-4a0a-b7d5-3820164e5201	bamToFastq	0	0GB	0GB	0.00h	$0.00
a96471c8-96cd-4a0a-b7d5-3820164e5201	salmon_paired_reads	0	0GB	0GB	0.00h	$0.00
6b995aee-07ff-465e-b220-239940f45242	bamToFastq	2	10GB	40GB	14.96h	$0.38
f1e5518c-ae9f-49e6-ad27-75271e09b1e4	bamToFastq	0	0GB	0GB	0.00h	$0.00
f1e5518c-ae9f-49e6-ad27-75271e09b1e4	salmon_paired_reads	0	0GB	0GB	0.00h	$0.00
f78a6ce4-5261-407d-8629-ebd79fa0c160	bamToFastq	2	10GB	40GB	12.24h	$0.31
f78a6ce4-5261-407d-8629-ebd79fa0c160	salmon_paired_reads	10	64GB	80GB	0.86h	$0.12
8a4236b1-eb98-47ec-9b1c-5f0d5858f2de	bamToFastq	2	10GB	40GB	36.19h	$0.92
8a4236b1-eb98-47ec-9b1c-5f0d5858f2de	salmon_paired_reads	10	64GB	80GB	9.59h	$1.29
d1d82ad0-7022-4048-95d9-8821a488b677	bamToFastq	2	10GB	40GB	13.35h	$0.34
d1d82ad0-7022-4048-95d9-8821a488b677	salmon_paired_reads	10	64GB	80GB	1.43h	$0.19
d1d82ad0-7022-4048-95d9-8821a488b677	salmon_paired_reads	10	64GB	80GB	0.82h	$0.11
180897fe-b2b4-4b19-8286-ef95b8471f19	bamToFastq	0	0GB	0GB	0.00h	$0.00
180897fe-b2b4-4b19-8286-ef95b8471f19	salmon_paired_reads	0	0GB	0GB	0.00h	$0.00
f3129b21-c7bd-40fb-a9b5-935385444439	bamToFastq	2	10GB	40GB	13.56h	$0.35
f3129b21-c7bd-40fb-a9b5-935385444439	salmon_paired_reads	10	64GB	80GB	1.94h	$0.26
9f2c3e42-182f-4c4c-b90f-25ac8b146243	bamToFastq	2	10GB	40GB	40.63h	$1.04
9f2c3e42-182f-4c4c-b90f-25ac8b146243	salmon_paired_reads	10	64GB	80GB	3.91h	$0.53
7690b54e-0553-4be0-aa01-97408a42550a	bamToFastq	2	10GB	40GB	13.06h	$0.33
7690b54e-0553-4be0-aa01-97408a42550a	salmon_paired_reads	10	64GB	80GB	0.82h	$0.11
2ce2ba4f-7351-426d-bd15-43e13c7b9d4a	bamToFastq	2	10GB	40GB	33.88h	$0.87
2ce2ba4f-7351-426d-bd15-43e13c7b9d4a	salmon_paired_reads	10	64GB	80GB	1.17h	$0.16
15014ac8-1290-4d9c-9fc7-c4ee83480eca	bamToFastq	2	10GB	40GB	26.29h	$0.67
15014ac8-1290-4d9c-9fc7-c4ee83480eca	salmon_paired_reads	10	64GB	80GB	17.58h	$2.36
db656134-5c6f-4480-810a-4348c0d44044	bamToFastq	2	10GB	40GB	33.87h	$0.87
db656134-5c6f-4480-810a-4348c0d44044	salmon_paired_reads	10	64GB	80GB	8.54h	$1.15
e95be08c-4129-43a7-af60-7f445d7972d7	bamToFastq	0	0GB	0GB	0.00h	$0.00
e95be08c-4129-43a7-af60-7f445d7972d7	salmon_paired_reads	10	64GB	80GB	11.88h	$1.60
3d4ba835-ca40-4665-a3e6-4e24fed35a4d	bamToFastq	2	10GB	40GB	15.54h	$0.40
3d4ba835-ca40-4665-a3e6-4e24fed35a4d	salmon_paired_reads	10	64GB	80GB	1.30h	$0.17
bf186d17-1ead-4979-b695-8cba56dd08d2	bamToFastq	2	10GB	40GB	22.66h	$0.58
bf186d17-1ead-4979-b695-8cba56dd08d2	salmon_paired_reads	10	64GB	80GB	2.68h	$0.36
cc9fb1e4-ad9f-4a4f-9382-c4781feb3178	bamToFastq	2	10GB	40GB	30.50h	$0.78
cc9fb1e4-ad9f-4a4f-9382-c4781feb3178	salmon_paired_reads	10	64GB	80GB	0.63h	$0.09
e12d4b0c-210d-48e8-a054-69542bea1adf	bamToFastq	0	0GB	0GB	0.00h	$0.00
e12d4b0c-210d-48e8-a054-69542bea1adf	salmon_paired_reads	10	64GB	80GB	8.78h	$1.18
f8df61f1-c731-4640-a3c8-1cc69ff8e3ad	bamToFastq	2	10GB	40GB	29.28h	$0.75
f8df61f1-c731-4640-a3c8-1cc69ff8e3ad	salmon_paired_reads	10	64GB	80GB	1.36h	$0.18
3d4f450f-21b5-4e36-b451-b4b91c247fc7	bamToFastq	2	10GB	40GB	38.97h	$1.00
59f4a941-2aaa-447e-8adb-6cef1ad19d2a	bamToFastq	2	10GB	40GB	34.40h	$0.88
59f4a941-2aaa-447e-8adb-6cef1ad19d2a	salmon_paired_reads	10	64GB	80GB	0.73h	$0.10
5327c163-7e96-40ff-9607-c97678126569	bamToFastq	2	10GB	40GB	32.35h	$0.83
5327c163-7e96-40ff-9607-c97678126569	salmon_paired_reads	10	64GB	80GB	8.04h	$1.08
d971891f-328e-4ae7-8d07-28fd28ed9c25	bamToFastq	0	0GB	0GB	0.00h	$0.00
d971891f-328e-4ae7-8d07-28fd28ed9c25	salmon_paired_reads	0	0GB	0GB	0.00h	$0.00
45d4c331-49cb-4f2d-b92c-c55d7de60745	bamToFastq	2	10GB	40GB	11.15h	$0.28
45d4c331-49cb-4f2d-b92c-c55d7de60745	salmon_paired_reads	10	64GB	80GB	4.92h	$0.66
51bcedff-e864-48f9-bbf0-43b0f90deaae	bamToFastq	0	0GB	0GB	0.00h	$0.00
51bcedff-e864-48f9-bbf0-43b0f90deaae	salmon_paired_reads	0	0GB	0GB	0.00h	$0.00
303fdc4e-0f68-43bd-9b3f-ec155fa9476d	bamToFastq	2	10GB	40GB	6.83h	$0.17
5d92f811-277d-48cc-96b6-d53e562f0771	bamToFastq	2	10GB	40GB	37.39h	$0.96
5d92f811-277d-48cc-96b6-d53e562f0771	salmon_paired_reads	10	64GB	80GB	1.80h	$0.24
0ad1ff6b-a603-4c66-be69-5052d3260945	bamToFastq	2	10GB	40GB	23.87h	$0.61
0ad1ff6b-a603-4c66-be69-5052d3260945	salmon_paired_reads	10	64GB	80GB	0.92h	$0.12
dde3841c-eaf2-446d-9fed-8d8c250acd2c	bamToFastq	2	10GB	40GB	2.09h	$0.05
b1f0e615-de6c-448c-bb7b-de8ce3ae0e3e	bamToFastq	2	10GB	40GB	22.59h	$0.58
b1f0e615-de6c-448c-bb7b-de8ce3ae0e3e	salmon_paired_reads	10	64GB	80GB	0.91h	$0.12
f16fb9bb-28b9-489b-9360-0b1a23bdd1a9	bamToFastq	0	0GB	0GB	0.00h	$0.00
f16fb9bb-28b9-489b-9360-0b1a23bdd1a9	salmon_paired_reads	0	0GB	0GB	0.00h	$0.00
74153a5d-9e5a-4a2d-863f-269f1a1cdeb2	bamToFastq	2	10GB	40GB	3.20h	$0.08
d294836c-5883-4bcc-b089-b9274543f496	bamToFastq	0	0GB	0GB	0.00h	$0.00
d294836c-5883-4bcc-b089-b9274543f496	salmon_paired_reads	0	0GB	0GB	0.00h	$0.00
dae78826-45b4-46d9-bc9c-541296c922b0	bamToFastq	2	10GB	40GB	6.02h	$0.15
0708cec9-8e59-460a-9885-fdc960c1efd4	bamToFastq	2	10GB	40GB	25.09h	$0.64
0708cec9-8e59-460a-9885-fdc960c1efd4	salmon_paired_reads	10	64GB	80GB	3.80h	$0.51
0708cec9-8e59-460a-9885-fdc960c1efd4	salmon_paired_reads	10	64GB	80GB	5.59h	$0.75
b84dcf75-f461-4c9d-b3f8-5be407267ede	bamToFastq	2	10GB	40GB	0.84h	$0.02
77ddbe20-b298-4a87-96cd-fb3de899e9cc	bamToFastq	2	10GB	40GB	27.25h	$0.70
77ddbe20-b298-4a87-96cd-fb3de899e9cc	salmon_paired_reads	10	64GB	80GB	0.99h	$0.13
c2a93313-92c4-465d-9757-dc9faec9d7b9	bamToFastq	2	10GB	40GB	35.02h	$0.89
c2a93313-92c4-465d-9757-dc9faec9d7b9	salmon_paired_reads	10	64GB	80GB	6.71h	$0.90
f174d4a6-b456-4e9d-b3db-9aa4a1c45757	bamToFastq	2	10GB	40GB	16.40h	$0.42
f174d4a6-b456-4e9d-b3db-9aa4a1c45757	salmon_paired_reads	10	64GB	80GB	5.15h	$0.69
09acda35-c069-46dc-8066-3047bc5e1a1a	bamToFastq	2	10GB	40GB	8.29h	$0.21
09acda35-c069-46dc-8066-3047bc5e1a1a	salmon_paired_reads	10	64GB	80GB	1.05h	$0.14
0a1fe835-19b9-45c0-a223-5b245d55a3ff	bamToFastq	2	10GB	40GB	38.31h	$0.98
0a1fe835-19b9-45c0-a223-5b245d55a3ff	salmon_paired_reads	10	64GB	80GB	4.72h	$0.63
