geneId,GTEX-1117F-0426-SM-5EGHI,GTEX-1117F-0726-SM-5GIEN,GTEX-1117F-2426-SM-5EGGH,GTEX-1117F-2826-SM-5GZXL,GTEX-1117F-2926-SM-5GZYI,GTEX-1117F-3026-SM-5GZYU,GTEX-1117F-3226-SM-5N9CT,GTEX-111CU-0326-SM-5GZXO,GTEX-111CU-0426-SM-5GZY1
ZSCAN4,3,8,8,5,70,31,2,2,9
ZSCAN5A,38,72,77,75,88,133,64,213,184
ZSCAN5B,0,2,1,3,0,0,4,2,1
ZSCAN5C,0,0,1,1,0,0,1,0,0
ZSCAN5DP,0,0,1,0,0,0,0,0,1
ZSCAN9,75,232,583,398,159,442,200,492,652
ZSWIM1,204,160,309,217,227,318,252,432,610
ZSWIM2,0,0,1,1,0,0,2,1,0
ZSWIM3,17,34,64,81,49,130,141,179,248
ZSWIM4,94,185,588,380,252,958,143,596,339
ZSWIM5,69,169,219,155,69,457,256,95,206
ZSWIM5P1,0,0,0,0,0,0,0,0,0
ZSWIM5P2,0,0,0,0,0,0,0,0,0
ZSWIM5P3,0,0,0,0,0,0,0,0,0
ZSWIM6,197,273,628,619,489,841,688,2658,1221
ZSWIM7,234,395,700,715,495,528,557,438,1068
ZSWIM8,3467,2407,4047,3984,3944,4705,3925,5122,6283
ZSWIM8-AS1,120,50,201,0,55,149,83,165,335
ZSWIM9,105,173,487,223,281,362,958,163,390
ZUP1,75,111,147,196,321,243,161,418,445
ZW10,490,234,321,545,669,546,217,673,667
ZWILCH,97,97,198,311,152,354,160,279,454
ZWINT,8,12,20,31,74,139,52,98,277
ZXDA,108,78,127,213,164,115,49,95,166
ZXDB,391,176,415,384,497,349,175,560,802
ZXDC,1407,565,1239,1200,859,1441,611,1316,2684
ZYG11A,7,2,7,13,3,7,3,2,29
ZYG11AP1,0,0,0,0,0,0,0,0,0
ZYG11B,1779,876,1046,968,793,822,872,657,1236
ZYX,2843,3847,19975,12946,9330,5222,7029,21874,14302
ZYXP1,0,0,0,0,0,0,0,0,0
ZZEF1,4284,1683,2601,2949,2071,3867,2377,3792,5543
ZZZ3,468,599,961,1276,981,988,538,1058,1336
Zaphod,115,93,136,125,101,188,127,91,218
Zaphod2,6,7,5,14,5,17,18,10,29
Zaphod3,70,77,123,95,85,107,78,121,208
Zaphod4a,0,0,0,0,1,0,0,0,0
Zaphod5a,1,0,0,0,0,1,0,0,0
Zaphod5b,0,0,0,0,0,0,0,0,0
hAT-1,0,1,1,1,1,0,0,1,0
hAT-16,0,2,4,1,0,2,0,0,0
hAT-5,0,0,0,0,0,0,0,0,0
hAT-N1,16,4,10,8,7,14,2,13,25
hAT-N1a,0,0,0,0,0,0,0,0,0
hsa-mir-1253,0,0,0,0,0,0,0,0,0
hsa-mir-423,0,0,0,0,0,0,0,0,0
polypurine,0,2,0,1,0,0,0,1,0
snoZ196,0,0,0,0,0,0,0,0,0
tRNA-Ala-GCA,0,0,0,0,0,0,0,0,0
tRNA-Ala-GCG,0,0,0,0,0,0,0,0,0
tRNA-Ala-GCY,0,0,0,0,0,0,0,0,0
tRNA-Arg-AGA,0,0,0,0,0,0,0,0,0
tRNA-Arg-AGG,0,0,0,0,0,0,0,0,0
tRNA-Arg-CGA,0,0,0,0,0,0,0,0,0
tRNA-Arg-CGG,0,0,0,0,0,0,0,0,0
tRNA-Arg-CGY,0,0,0,0,0,0,0,0,0
tRNA-Asn-AAC,0,0,0,0,0,0,0,0,0
tRNA-Asn-AAT,0,0,0,0,0,0,0,0,0
tRNA-Asp-GAY,0,0,0,0,0,0,0,0,0
tRNA-Cys-TGY,0,0,0,0,0,0,0,0,0
tRNA-Gln-CAA,0,0,0,0,0,0,0,0,0
tRNA-Gln-CAG,0,0,0,0,0,0,0,0,0
tRNA-Glu-GAA,0,0,0,0,0,0,0,0,0
tRNA-Glu-GAG,0,0,0,0,0,0,0,0,0
tRNA-Gly-GGA,0,0,0,0,0,0,0,0,0
tRNA-Gly-GGG,0,0,0,0,0,0,0,0,0
tRNA-Gly-GGY,0,0,0,0,0,0,0,0,0
tRNA-His-CAY,0,0,0,0,0,0,0,0,0
tRNA-Ile-ATA,0,0,0,0,0,0,0,0,0
tRNA-Ile-ATC,0,0,0,0,0,0,0,0,0
tRNA-Ile-ATT,0,0,0,0,0,0,0,0,0
tRNA-Leu-CTA,0,0,0,0,0,0,0,0,0
tRNA-Leu-CTG,0,0,0,0,0,0,0,0,0
tRNA-Leu-CTY,0,0,0,0,0,0,0,0,0
tRNA-Leu-TTA,0,0,0,0,0,0,0,0,0
tRNA-Leu-TTA(m),2,1,0,0,0,0,4,4,1
tRNA-Leu-TTG,0,0,0,0,0,0,0,0,0
tRNA-Lys-AAA,0,0,0,0,0,0,0,0,0
tRNA-Lys-AAG,0,0,0,0,0,0,0,0,0
tRNA-Met,0,0,0,0,0,0,0,0,0
tRNA-Met-i,0,0,0,0,0,0,0,0,0
tRNA-Phe-TTY,0,0,0,0,0,0,0,0,0
tRNA-Pro-CCA,0,0,0,0,0,0,0,0,0
tRNA-Pro-CCG,0,0,0,0,0,0,0,0,0
tRNA-Pro-CCY,0,0,0,0,0,0,0,0,0
tRNA-SeC(e)-TGA,0,0,0,0,1,0,0,0,0
tRNA-Ser-AGY,0,0,0,0,0,0,0,0,0
tRNA-Ser-TCA,0,0,0,0,0,0,0,0,0
tRNA-Ser-TCA(m),0,0,0,0,0,0,0,0,0
tRNA-Ser-TCG,0,0,0,0,0,0,0,0,0
tRNA-Ser-TCY,0,0,0,0,0,0,0,0,0
tRNA-Thr-ACA,0,0,0,0,0,0,0,0,0
tRNA-Thr-ACG,0,0,0,0,0,0,0,0,0
tRNA-Thr-ACY,0,0,0,0,0,0,0,0,0
tRNA-Trp-TGG,0,0,0,0,0,0,0,0,0
tRNA-Tyr-TAC,0,0,0,0,0,0,0,0,0
tRNA-Tyr-TAT,0,0,0,0,0,0,0,0,0
tRNA-Val-GTA,0,0,0,0,0,0,0,0,0
tRNA-Val-GTG,0,0,0,0,0,0,0,0,0
tRNA-Val-GTY,0,0,0,0,0,0,0,0,0
